--
-- PostgreSQL database dump
--

-- Dumped from database version 17.5 (Ubuntu 17.5-1.pgdg22.04+1)
-- Dumped by pg_dump version 17.4

-- Started on 2025-11-14 17:18:12

SET statement_timeout = 0;
SET lock_timeout = 0;
SET idle_in_transaction_session_timeout = 0;
SET transaction_timeout = 0;
SET client_encoding = 'UTF8';
SET standard_conforming_strings = on;
SELECT pg_catalog.set_config('search_path', '', false);
SET check_function_bodies = false;
SET xmloption = content;
SET client_min_messages = warning;
SET row_security = off;

--
-- TOC entry 8 (class 2615 OID 103665)
-- Name: hotel_management; Type: SCHEMA; Schema: -; Owner: postgres
--

CREATE SCHEMA hotel_management;


ALTER SCHEMA hotel_management OWNER TO postgres;

SET default_tablespace = '';

SET default_table_access_method = heap;

--
-- TOC entry 259 (class 1259 OID 103870)
-- Name: BookingDetails; Type: TABLE; Schema: hotel_management; Owner: postgres
--

CREATE TABLE hotel_management."BookingDetails" (
    "Id" integer NOT NULL,
    "BookingId" integer NOT NULL,
    "RoomId" integer NOT NULL,
    "PricePerNight" numeric NOT NULL,
    "Subtotal" numeric NOT NULL
);


ALTER TABLE hotel_management."BookingDetails" OWNER TO postgres;

--
-- TOC entry 258 (class 1259 OID 103869)
-- Name: BookingDetails_Id_seq; Type: SEQUENCE; Schema: hotel_management; Owner: postgres
--

ALTER TABLE hotel_management."BookingDetails" ALTER COLUMN "Id" ADD GENERATED BY DEFAULT AS IDENTITY (
    SEQUENCE NAME hotel_management."BookingDetails_Id_seq"
    START WITH 1
    INCREMENT BY 1
    NO MINVALUE
    NO MAXVALUE
    CACHE 1
);


--
-- TOC entry 257 (class 1259 OID 103852)
-- Name: BookingExtras; Type: TABLE; Schema: hotel_management; Owner: postgres
--

CREATE TABLE hotel_management."BookingExtras" (
    "Id" integer NOT NULL,
    "BookingId" integer NOT NULL,
    "ExtraId" integer NOT NULL,
    "Quantity" integer NOT NULL,
    "PriceAtBooking" numeric NOT NULL,
    "Subtotal" numeric NOT NULL
);


ALTER TABLE hotel_management."BookingExtras" OWNER TO postgres;

--
-- TOC entry 256 (class 1259 OID 103851)
-- Name: BookingExtras_Id_seq; Type: SEQUENCE; Schema: hotel_management; Owner: postgres
--

ALTER TABLE hotel_management."BookingExtras" ALTER COLUMN "Id" ADD GENERATED BY DEFAULT AS IDENTITY (
    SEQUENCE NAME hotel_management."BookingExtras_Id_seq"
    START WITH 1
    INCREMENT BY 1
    NO MINVALUE
    NO MAXVALUE
    CACHE 1
);


--
-- TOC entry 231 (class 1259 OID 103672)
-- Name: BookingStatuses; Type: TABLE; Schema: hotel_management; Owner: postgres
--

CREATE TABLE hotel_management."BookingStatuses" (
    "Id" integer NOT NULL,
    "Name" text NOT NULL
);


ALTER TABLE hotel_management."BookingStatuses" OWNER TO postgres;

--
-- TOC entry 230 (class 1259 OID 103671)
-- Name: BookingStatuses_Id_seq; Type: SEQUENCE; Schema: hotel_management; Owner: postgres
--

ALTER TABLE hotel_management."BookingStatuses" ALTER COLUMN "Id" ADD GENERATED BY DEFAULT AS IDENTITY (
    SEQUENCE NAME hotel_management."BookingStatuses_Id_seq"
    START WITH 1
    INCREMENT BY 1
    NO MINVALUE
    NO MAXVALUE
    CACHE 1
);


--
-- TOC entry 251 (class 1259 OID 103782)
-- Name: Bookings; Type: TABLE; Schema: hotel_management; Owner: postgres
--

CREATE TABLE hotel_management."Bookings" (
    "Id" integer NOT NULL,
    "HotelId" integer NOT NULL,
    "CustomerId" integer NOT NULL,
    "BookingDate" timestamp with time zone DEFAULT CURRENT_TIMESTAMP NOT NULL,
    "CheckIn" date NOT NULL,
    "CheckOut" date NOT NULL,
    "TotalPrice" numeric NOT NULL,
    "StatusId" integer NOT NULL,
    "PaymentMethodId" integer,
    "Notes" text,
    "ConfirmationNo" character varying NOT NULL
);


ALTER TABLE hotel_management."Bookings" OWNER TO postgres;

--
-- TOC entry 250 (class 1259 OID 103781)
-- Name: Bookings_Id_seq; Type: SEQUENCE; Schema: hotel_management; Owner: postgres
--

ALTER TABLE hotel_management."Bookings" ALTER COLUMN "Id" ADD GENERATED BY DEFAULT AS IDENTITY (
    SEQUENCE NAME hotel_management."Bookings_Id_seq"
    START WITH 1
    INCREMENT BY 1
    NO MINVALUE
    NO MAXVALUE
    CACHE 1
);


--
-- TOC entry 243 (class 1259 OID 103720)
-- Name: Customers; Type: TABLE; Schema: hotel_management; Owner: postgres
--

CREATE TABLE hotel_management."Customers" (
    "Id" integer NOT NULL,
    "HotelId" integer NOT NULL,
    "FullName" text NOT NULL,
    "Email" text,
    "Phone" text,
    "Address" text,
    "IdNumber" text,
    "Notes" text
);


ALTER TABLE hotel_management."Customers" OWNER TO postgres;

--
-- TOC entry 242 (class 1259 OID 103719)
-- Name: Customers_Id_seq; Type: SEQUENCE; Schema: hotel_management; Owner: postgres
--

ALTER TABLE hotel_management."Customers" ALTER COLUMN "Id" ADD GENERATED BY DEFAULT AS IDENTITY (
    SEQUENCE NAME hotel_management."Customers_Id_seq"
    START WITH 1
    INCREMENT BY 1
    NO MINVALUE
    NO MAXVALUE
    CACHE 1
);


--
-- TOC entry 233 (class 1259 OID 103680)
-- Name: ExtraUnits; Type: TABLE; Schema: hotel_management; Owner: postgres
--

CREATE TABLE hotel_management."ExtraUnits" (
    "Id" integer NOT NULL,
    "Name" text NOT NULL
);


ALTER TABLE hotel_management."ExtraUnits" OWNER TO postgres;

--
-- TOC entry 232 (class 1259 OID 103679)
-- Name: ExtraUnits_Id_seq; Type: SEQUENCE; Schema: hotel_management; Owner: postgres
--

ALTER TABLE hotel_management."ExtraUnits" ALTER COLUMN "Id" ADD GENERATED BY DEFAULT AS IDENTITY (
    SEQUENCE NAME hotel_management."ExtraUnits_Id_seq"
    START WITH 1
    INCREMENT BY 1
    NO MINVALUE
    NO MAXVALUE
    CACHE 1
);


--
-- TOC entry 245 (class 1259 OID 103733)
-- Name: Extras; Type: TABLE; Schema: hotel_management; Owner: postgres
--

CREATE TABLE hotel_management."Extras" (
    "Id" integer NOT NULL,
    "HotelId" integer NOT NULL,
    "Name" text NOT NULL,
    "Description" text,
    "Price" numeric NOT NULL,
    "UnitId" integer NOT NULL
);


ALTER TABLE hotel_management."Extras" OWNER TO postgres;

--
-- TOC entry 244 (class 1259 OID 103732)
-- Name: Extras_Id_seq; Type: SEQUENCE; Schema: hotel_management; Owner: postgres
--

ALTER TABLE hotel_management."Extras" ALTER COLUMN "Id" ADD GENERATED BY DEFAULT AS IDENTITY (
    SEQUENCE NAME hotel_management."Extras_Id_seq"
    START WITH 1
    INCREMENT BY 1
    NO MINVALUE
    NO MAXVALUE
    CACHE 1
);


--
-- TOC entry 235 (class 1259 OID 103688)
-- Name: Hotels; Type: TABLE; Schema: hotel_management; Owner: postgres
--

CREATE TABLE hotel_management."Hotels" (
    "Id" integer NOT NULL,
    "Name" text NOT NULL,
    "Address" text,
    "Phone" text,
    "Email" text,
    "Description" text
);


ALTER TABLE hotel_management."Hotels" OWNER TO postgres;

--
-- TOC entry 234 (class 1259 OID 103687)
-- Name: Hotels_Id_seq; Type: SEQUENCE; Schema: hotel_management; Owner: postgres
--

ALTER TABLE hotel_management."Hotels" ALTER COLUMN "Id" ADD GENERATED BY DEFAULT AS IDENTITY (
    SEQUENCE NAME hotel_management."Hotels_Id_seq"
    START WITH 1
    INCREMENT BY 1
    NO MINVALUE
    NO MAXVALUE
    CACHE 1
);


--
-- TOC entry 237 (class 1259 OID 103696)
-- Name: PaymentMethods; Type: TABLE; Schema: hotel_management; Owner: postgres
--

CREATE TABLE hotel_management."PaymentMethods" (
    "Id" integer NOT NULL,
    "Name" text NOT NULL
);


ALTER TABLE hotel_management."PaymentMethods" OWNER TO postgres;

--
-- TOC entry 236 (class 1259 OID 103695)
-- Name: PaymentMethods_Id_seq; Type: SEQUENCE; Schema: hotel_management; Owner: postgres
--

ALTER TABLE hotel_management."PaymentMethods" ALTER COLUMN "Id" ADD GENERATED BY DEFAULT AS IDENTITY (
    SEQUENCE NAME hotel_management."PaymentMethods_Id_seq"
    START WITH 1
    INCREMENT BY 1
    NO MINVALUE
    NO MAXVALUE
    CACHE 1
);


--
-- TOC entry 253 (class 1259 OID 103811)
-- Name: PricePeriods; Type: TABLE; Schema: hotel_management; Owner: postgres
--

CREATE TABLE hotel_management."PricePeriods" (
    "Id" integer NOT NULL,
    "HotelId" integer NOT NULL,
    "CategoryId" integer NOT NULL,
    "StartDate" date NOT NULL,
    "EndDate" date NOT NULL,
    "PricePerNight" numeric NOT NULL
);


ALTER TABLE hotel_management."PricePeriods" OWNER TO postgres;

--
-- TOC entry 252 (class 1259 OID 103810)
-- Name: PricePeriods_Id_seq; Type: SEQUENCE; Schema: hotel_management; Owner: postgres
--

ALTER TABLE hotel_management."PricePeriods" ALTER COLUMN "Id" ADD GENERATED BY DEFAULT AS IDENTITY (
    SEQUENCE NAME hotel_management."PricePeriods_Id_seq"
    START WITH 1
    INCREMENT BY 1
    NO MINVALUE
    NO MAXVALUE
    CACHE 1
);


--
-- TOC entry 239 (class 1259 OID 103704)
-- Name: Roles; Type: TABLE; Schema: hotel_management; Owner: postgres
--

CREATE TABLE hotel_management."Roles" (
    "Id" integer NOT NULL,
    "Name" text NOT NULL,
    "Description" text
);


ALTER TABLE hotel_management."Roles" OWNER TO postgres;

--
-- TOC entry 238 (class 1259 OID 103703)
-- Name: Roles_Id_seq; Type: SEQUENCE; Schema: hotel_management; Owner: postgres
--

ALTER TABLE hotel_management."Roles" ALTER COLUMN "Id" ADD GENERATED BY DEFAULT AS IDENTITY (
    SEQUENCE NAME hotel_management."Roles_Id_seq"
    START WITH 1
    INCREMENT BY 1
    NO MINVALUE
    NO MAXVALUE
    CACHE 1
);


--
-- TOC entry 247 (class 1259 OID 103751)
-- Name: RoomCategories; Type: TABLE; Schema: hotel_management; Owner: postgres
--

CREATE TABLE hotel_management."RoomCategories" (
    "Id" integer NOT NULL,
    "HotelId" integer NOT NULL,
    "Name" text NOT NULL,
    "Description" text,
    "Capacity" integer NOT NULL,
    "Amenities" text
);


ALTER TABLE hotel_management."RoomCategories" OWNER TO postgres;

--
-- TOC entry 246 (class 1259 OID 103750)
-- Name: RoomCategories_Id_seq; Type: SEQUENCE; Schema: hotel_management; Owner: postgres
--

ALTER TABLE hotel_management."RoomCategories" ALTER COLUMN "Id" ADD GENERATED BY DEFAULT AS IDENTITY (
    SEQUENCE NAME hotel_management."RoomCategories_Id_seq"
    START WITH 1
    INCREMENT BY 1
    NO MINVALUE
    NO MAXVALUE
    CACHE 1
);


--
-- TOC entry 241 (class 1259 OID 103712)
-- Name: RoomStatuses; Type: TABLE; Schema: hotel_management; Owner: postgres
--

CREATE TABLE hotel_management."RoomStatuses" (
    "Id" integer NOT NULL,
    "Name" text NOT NULL
);


ALTER TABLE hotel_management."RoomStatuses" OWNER TO postgres;

--
-- TOC entry 240 (class 1259 OID 103711)
-- Name: RoomStatuses_Id_seq; Type: SEQUENCE; Schema: hotel_management; Owner: postgres
--

ALTER TABLE hotel_management."RoomStatuses" ALTER COLUMN "Id" ADD GENERATED BY DEFAULT AS IDENTITY (
    SEQUENCE NAME hotel_management."RoomStatuses_Id_seq"
    START WITH 1
    INCREMENT BY 1
    NO MINVALUE
    NO MAXVALUE
    CACHE 1
);


--
-- TOC entry 255 (class 1259 OID 103829)
-- Name: Rooms; Type: TABLE; Schema: hotel_management; Owner: postgres
--

CREATE TABLE hotel_management."Rooms" (
    "Id" integer NOT NULL,
    "HotelId" integer NOT NULL,
    "RoomNumber" text NOT NULL,
    "CategoryId" integer NOT NULL,
    "StatusId" integer NOT NULL
);


ALTER TABLE hotel_management."Rooms" OWNER TO postgres;

--
-- TOC entry 254 (class 1259 OID 103828)
-- Name: Rooms_Id_seq; Type: SEQUENCE; Schema: hotel_management; Owner: postgres
--

ALTER TABLE hotel_management."Rooms" ALTER COLUMN "Id" ADD GENERATED BY DEFAULT AS IDENTITY (
    SEQUENCE NAME hotel_management."Rooms_Id_seq"
    START WITH 1
    INCREMENT BY 1
    NO MINVALUE
    NO MAXVALUE
    CACHE 1
);


--
-- TOC entry 249 (class 1259 OID 103764)
-- Name: Users; Type: TABLE; Schema: hotel_management; Owner: postgres
--

CREATE TABLE hotel_management."Users" (
    "Id" integer NOT NULL,
    "Username" text NOT NULL,
    "PasswordHash" text NOT NULL,
    "FullName" text,
    "RoleId" integer NOT NULL,
    "HotelId" integer NOT NULL,
    "Email" text,
    "LastLogin" timestamp with time zone
);


ALTER TABLE hotel_management."Users" OWNER TO postgres;

--
-- TOC entry 248 (class 1259 OID 103763)
-- Name: Users_Id_seq; Type: SEQUENCE; Schema: hotel_management; Owner: postgres
--

ALTER TABLE hotel_management."Users" ALTER COLUMN "Id" ADD GENERATED BY DEFAULT AS IDENTITY (
    SEQUENCE NAME hotel_management."Users_Id_seq"
    START WITH 1
    INCREMENT BY 1
    NO MINVALUE
    NO MAXVALUE
    CACHE 1
);


--
-- TOC entry 3574 (class 0 OID 103870)
-- Dependencies: 259
-- Data for Name: BookingDetails; Type: TABLE DATA; Schema: hotel_management; Owner: postgres
--

COPY hotel_management."BookingDetails" ("Id", "BookingId", "RoomId", "PricePerNight", "Subtotal") FROM stdin;
1	4	4	5000000	5000000
2	5	2	1500000	1500000
3	6	2	1500000	1500000
4	6	4	5000000	5000000
5	6	1	1500000	1500000
6	6	3	1500000	1500000
7	7	1	1500000	1500000
8	7	3	1500000	1500000
9	8	2	1500000	1500000
10	9	2	1500000	1500000
11	10	2	1500000	1500000
12	11	2	1500000	1500000
13	12	2	1500000	1500000
14	13	2	1500000	1500000
15	14	2	1500000	1500000
16	15	2	1500000	1500000
17	16	4	5000000	5000000
18	17	1	1500000	1500000
19	18	1	1500000	1500000
20	19	1	1500000	1500000
21	20	2	1500000	1500000
22	21	4	5000000	5000000
23	22	1	1500000	1500000
24	23	3	1500000	1500000
25	24	1	1500000	1500000
26	25	3	1500000	1500000
27	26	3	1500000	1500000
28	27	2	1500000	1500000
29	28	4	5000000	5000000
30	29	1	1500000	1500000
\.


--
-- TOC entry 3572 (class 0 OID 103852)
-- Dependencies: 257
-- Data for Name: BookingExtras; Type: TABLE DATA; Schema: hotel_management; Owner: postgres
--

COPY hotel_management."BookingExtras" ("Id", "BookingId", "ExtraId", "Quantity", "PriceAtBooking", "Subtotal") FROM stdin;
\.


--
-- TOC entry 3546 (class 0 OID 103672)
-- Dependencies: 231
-- Data for Name: BookingStatuses; Type: TABLE DATA; Schema: hotel_management; Owner: postgres
--

COPY hotel_management."BookingStatuses" ("Id", "Name") FROM stdin;
1	Checked-In
2	Reserved
3	Confirmed
4	Canceled
5	Checked-Out
\.


--
-- TOC entry 3566 (class 0 OID 103782)
-- Dependencies: 251
-- Data for Name: Bookings; Type: TABLE DATA; Schema: hotel_management; Owner: postgres
--

COPY hotel_management."Bookings" ("Id", "HotelId", "CustomerId", "BookingDate", "CheckIn", "CheckOut", "TotalPrice", "StatusId", "PaymentMethodId", "Notes", "ConfirmationNo") FROM stdin;
4	2	7	2025-11-13 08:48:23.105779+00	2025-11-13	2025-11-14	5000000	2	\N		2-4
5	2	4	2025-11-13 09:02:39.07926+00	2025-11-13	2025-11-14	1500000	2	\N	testtesttesttesttesttest	2-5
6	2	7	2025-11-13 09:07:22.538442+00	2025-11-21	2025-11-22	9500000	2	\N		2-6
7	2	7	2025-11-13 09:41:47.782622+00	2025-11-13	2025-11-14	3000000	2	\N		2-7
8	2	7	2025-11-13 09:51:02.000106+00	2025-11-15	2025-11-16	1500000	2	\N		2-8
9	2	7	2025-11-13 09:51:12.899489+00	2025-11-15	2025-11-16	1500000	2	\N		2-9
10	2	7	2025-11-13 09:53:05.783871+00	2025-11-15	2025-11-16	1500000	2	\N		2-10
11	2	7	2025-11-13 09:53:18.921373+00	2025-11-15	2025-11-16	1500000	2	\N		2-11
12	2	7	2025-11-13 09:54:24.437579+00	2025-11-15	2025-11-16	1500000	2	\N		2-12
13	2	4	2025-11-13 09:55:03.871031+00	2025-11-17	2025-11-18	1500000	2	\N	test	2-13
14	2	4	2025-11-13 09:56:20.643339+00	2025-11-17	2025-11-18	1500000	2	\N	test	2-14
15	2	4	2025-11-13 09:57:50.72288+00	2025-11-17	2025-11-18	1500000	2	\N	test	2-15
16	2	7	2025-11-13 10:19:14.460585+00	2025-11-17	2025-11-18	5000000	2	\N		2-16
17	2	7	2025-11-13 10:22:51.582888+00	2025-11-17	2025-11-18	1500000	2	\N		2-17
18	2	7	2025-11-13 10:23:11.395125+00	2025-11-17	2025-11-18	1500000	2	\N		2-18
19	2	7	2025-11-13 10:23:14.152211+00	2025-11-17	2025-11-18	1500000	2	\N		2-19
20	2	7	2025-11-14 01:15:36.038018+00	2025-11-14	2025-11-15	1500000	2	\N		2-20
21	2	7	2025-11-14 01:33:49.297213+00	2025-11-14	2025-11-15	5000000	2	\N		2-21
22	2	7	2025-11-14 01:34:25.92487+00	2025-11-14	2025-11-15	1500000	2	\N		2-22
23	2	8	2025-11-14 01:36:52.074009+00	2025-11-15	2025-11-16	1500000	2	\N		2-23
24	2	4	2025-11-14 02:10:03.938486+00	2025-11-15	2025-11-16	1500000	2	\N		2-24
25	2	8	2025-11-14 04:41:54.865462+00	2025-11-14	2025-11-15	1500000	2	\N		Z1M34SQU
26	2	8	2025-11-14 06:18:13.896825+00	2025-11-17	2025-11-18	1500000	2	\N		2W23Q1ID
27	2	7	2025-11-14 06:19:12.741403+00	2025-11-18	2025-11-19	1500000	2	\N		Z1UC6FX2
28	2	4	2025-11-14 06:26:05.650258+00	2025-11-18	2025-11-19	5000000	2	\N		QELKPQU1
29	2	7	2025-11-14 06:38:56.48347+00	2025-11-18	2025-11-19	1500000	2	\N		7PLVBQE9
\.


--
-- TOC entry 3558 (class 0 OID 103720)
-- Dependencies: 243
-- Data for Name: Customers; Type: TABLE DATA; Schema: hotel_management; Owner: postgres
--

COPY hotel_management."Customers" ("Id", "HotelId", "FullName", "Email", "Phone", "Address", "IdNumber", "Notes") FROM stdin;
4	2	Việt Anh	vietanh61@gmail.com	0989	Hai Bà Trưng	012365487	test
7	2	Trần Việt Anh	vietanh611@gmail.com	0988720817	Hai Bà Trưng - Sài Gòn	058946165135	test phát nữa
8	2	Lê Tiến Thành - Chuyên viên TK & PTUD	anhtv1@flamingogroup.vn	098879999	24 Tràng Tiền - Huế	09890029203	test khách mới
\.


--
-- TOC entry 3548 (class 0 OID 103680)
-- Dependencies: 233
-- Data for Name: ExtraUnits; Type: TABLE DATA; Schema: hotel_management; Owner: postgres
--

COPY hotel_management."ExtraUnits" ("Id", "Name") FROM stdin;
\.


--
-- TOC entry 3560 (class 0 OID 103733)
-- Dependencies: 245
-- Data for Name: Extras; Type: TABLE DATA; Schema: hotel_management; Owner: postgres
--

COPY hotel_management."Extras" ("Id", "HotelId", "Name", "Description", "Price", "UnitId") FROM stdin;
\.


--
-- TOC entry 3550 (class 0 OID 103688)
-- Dependencies: 235
-- Data for Name: Hotels; Type: TABLE DATA; Schema: hotel_management; Owner: postgres
--

COPY hotel_management."Hotels" ("Id", "Name", "Address", "Phone", "Email", "Description") FROM stdin;
2	KS103	103A - Ngõ 184 - Trần Khát Chân - Hai Bà Trưng - Hà Nội	0989399990	vietanh61@gmail.com	Nhà xây mới
\.


--
-- TOC entry 3552 (class 0 OID 103696)
-- Dependencies: 237
-- Data for Name: PaymentMethods; Type: TABLE DATA; Schema: hotel_management; Owner: postgres
--

COPY hotel_management."PaymentMethods" ("Id", "Name") FROM stdin;
1	Tiền mặt
2	Chuyển khoản
\.


--
-- TOC entry 3568 (class 0 OID 103811)
-- Dependencies: 253
-- Data for Name: PricePeriods; Type: TABLE DATA; Schema: hotel_management; Owner: postgres
--

COPY hotel_management."PricePeriods" ("Id", "HotelId", "CategoryId", "StartDate", "EndDate", "PricePerNight") FROM stdin;
1	2	5	2025-10-01	2026-01-31	1500000
2	2	6	2025-10-01	2026-06-30	5000000
\.


--
-- TOC entry 3554 (class 0 OID 103704)
-- Dependencies: 239
-- Data for Name: Roles; Type: TABLE DATA; Schema: hotel_management; Owner: postgres
--

COPY hotel_management."Roles" ("Id", "Name", "Description") FROM stdin;
1	Admin	Administrator
2	Staff	Staff
3	Administrator	Vai trò to tất quả đất
\.


--
-- TOC entry 3562 (class 0 OID 103751)
-- Dependencies: 247
-- Data for Name: RoomCategories; Type: TABLE DATA; Schema: hotel_management; Owner: postgres
--

COPY hotel_management."RoomCategories" ("Id", "HotelId", "Name", "Description", "Capacity", "Amenities") FROM stdin;
5	2	VLA	Phòng có ít	10	Wifi, S-Tivi, Tủ lạnh, Máy sấy
6	2	FIT	Toàn bộ phòng mới sửa	20	S-Tivi, Máy sấy, Tủ lạnh
\.


--
-- TOC entry 3556 (class 0 OID 103712)
-- Dependencies: 241
-- Data for Name: RoomStatuses; Type: TABLE DATA; Schema: hotel_management; Owner: postgres
--

COPY hotel_management."RoomStatuses" ("Id", "Name") FROM stdin;
1	Available
2	Dirty
\.


--
-- TOC entry 3570 (class 0 OID 103829)
-- Dependencies: 255
-- Data for Name: Rooms; Type: TABLE DATA; Schema: hotel_management; Owner: postgres
--

COPY hotel_management."Rooms" ("Id", "HotelId", "RoomNumber", "CategoryId", "StatusId") FROM stdin;
1	2	1001	5	1
2	2	1002	5	1
3	2	1003	5	1
4	2	A01	6	1
\.


--
-- TOC entry 3564 (class 0 OID 103764)
-- Dependencies: 249
-- Data for Name: Users; Type: TABLE DATA; Schema: hotel_management; Owner: postgres
--

COPY hotel_management."Users" ("Id", "Username", "PasswordHash", "FullName", "RoleId", "HotelId", "Email", "LastLogin") FROM stdin;
2	vietanh61	123	Trần Việt Anh	1	2	vietanh61@gmail.com	\N
\.


--
-- TOC entry 3580 (class 0 OID 0)
-- Dependencies: 258
-- Name: BookingDetails_Id_seq; Type: SEQUENCE SET; Schema: hotel_management; Owner: postgres
--

SELECT pg_catalog.setval('hotel_management."BookingDetails_Id_seq"', 30, true);


--
-- TOC entry 3581 (class 0 OID 0)
-- Dependencies: 256
-- Name: BookingExtras_Id_seq; Type: SEQUENCE SET; Schema: hotel_management; Owner: postgres
--

SELECT pg_catalog.setval('hotel_management."BookingExtras_Id_seq"', 1, false);


--
-- TOC entry 3582 (class 0 OID 0)
-- Dependencies: 230
-- Name: BookingStatuses_Id_seq; Type: SEQUENCE SET; Schema: hotel_management; Owner: postgres
--

SELECT pg_catalog.setval('hotel_management."BookingStatuses_Id_seq"', 5, true);


--
-- TOC entry 3583 (class 0 OID 0)
-- Dependencies: 250
-- Name: Bookings_Id_seq; Type: SEQUENCE SET; Schema: hotel_management; Owner: postgres
--

SELECT pg_catalog.setval('hotel_management."Bookings_Id_seq"', 29, true);


--
-- TOC entry 3584 (class 0 OID 0)
-- Dependencies: 242
-- Name: Customers_Id_seq; Type: SEQUENCE SET; Schema: hotel_management; Owner: postgres
--

SELECT pg_catalog.setval('hotel_management."Customers_Id_seq"', 8, true);


--
-- TOC entry 3585 (class 0 OID 0)
-- Dependencies: 232
-- Name: ExtraUnits_Id_seq; Type: SEQUENCE SET; Schema: hotel_management; Owner: postgres
--

SELECT pg_catalog.setval('hotel_management."ExtraUnits_Id_seq"', 1, false);


--
-- TOC entry 3586 (class 0 OID 0)
-- Dependencies: 244
-- Name: Extras_Id_seq; Type: SEQUENCE SET; Schema: hotel_management; Owner: postgres
--

SELECT pg_catalog.setval('hotel_management."Extras_Id_seq"', 1, false);


--
-- TOC entry 3587 (class 0 OID 0)
-- Dependencies: 234
-- Name: Hotels_Id_seq; Type: SEQUENCE SET; Schema: hotel_management; Owner: postgres
--

SELECT pg_catalog.setval('hotel_management."Hotels_Id_seq"', 3, true);


--
-- TOC entry 3588 (class 0 OID 0)
-- Dependencies: 236
-- Name: PaymentMethods_Id_seq; Type: SEQUENCE SET; Schema: hotel_management; Owner: postgres
--

SELECT pg_catalog.setval('hotel_management."PaymentMethods_Id_seq"', 2, true);


--
-- TOC entry 3589 (class 0 OID 0)
-- Dependencies: 252
-- Name: PricePeriods_Id_seq; Type: SEQUENCE SET; Schema: hotel_management; Owner: postgres
--

SELECT pg_catalog.setval('hotel_management."PricePeriods_Id_seq"', 2, true);


--
-- TOC entry 3590 (class 0 OID 0)
-- Dependencies: 238
-- Name: Roles_Id_seq; Type: SEQUENCE SET; Schema: hotel_management; Owner: postgres
--

SELECT pg_catalog.setval('hotel_management."Roles_Id_seq"', 3, true);


--
-- TOC entry 3591 (class 0 OID 0)
-- Dependencies: 246
-- Name: RoomCategories_Id_seq; Type: SEQUENCE SET; Schema: hotel_management; Owner: postgres
--

SELECT pg_catalog.setval('hotel_management."RoomCategories_Id_seq"', 6, true);


--
-- TOC entry 3592 (class 0 OID 0)
-- Dependencies: 240
-- Name: RoomStatuses_Id_seq; Type: SEQUENCE SET; Schema: hotel_management; Owner: postgres
--

SELECT pg_catalog.setval('hotel_management."RoomStatuses_Id_seq"', 5, true);


--
-- TOC entry 3593 (class 0 OID 0)
-- Dependencies: 254
-- Name: Rooms_Id_seq; Type: SEQUENCE SET; Schema: hotel_management; Owner: postgres
--

SELECT pg_catalog.setval('hotel_management."Rooms_Id_seq"', 4, true);


--
-- TOC entry 3594 (class 0 OID 0)
-- Dependencies: 248
-- Name: Users_Id_seq; Type: SEQUENCE SET; Schema: hotel_management; Owner: postgres
--

SELECT pg_catalog.setval('hotel_management."Users_Id_seq"', 2, true);


--
-- TOC entry 3380 (class 2606 OID 103876)
-- Name: BookingDetails PK_BookingDetails; Type: CONSTRAINT; Schema: hotel_management; Owner: postgres
--

ALTER TABLE ONLY hotel_management."BookingDetails"
    ADD CONSTRAINT "PK_BookingDetails" PRIMARY KEY ("Id");


--
-- TOC entry 3376 (class 2606 OID 103858)
-- Name: BookingExtras PK_BookingExtras; Type: CONSTRAINT; Schema: hotel_management; Owner: postgres
--

ALTER TABLE ONLY hotel_management."BookingExtras"
    ADD CONSTRAINT "PK_BookingExtras" PRIMARY KEY ("Id");


--
-- TOC entry 3333 (class 2606 OID 103678)
-- Name: BookingStatuses PK_BookingStatuses; Type: CONSTRAINT; Schema: hotel_management; Owner: postgres
--

ALTER TABLE ONLY hotel_management."BookingStatuses"
    ADD CONSTRAINT "PK_BookingStatuses" PRIMARY KEY ("Id");


--
-- TOC entry 3363 (class 2606 OID 103789)
-- Name: Bookings PK_Bookings; Type: CONSTRAINT; Schema: hotel_management; Owner: postgres
--

ALTER TABLE ONLY hotel_management."Bookings"
    ADD CONSTRAINT "PK_Bookings" PRIMARY KEY ("Id");


--
-- TOC entry 3346 (class 2606 OID 103726)
-- Name: Customers PK_Customers; Type: CONSTRAINT; Schema: hotel_management; Owner: postgres
--

ALTER TABLE ONLY hotel_management."Customers"
    ADD CONSTRAINT "PK_Customers" PRIMARY KEY ("Id");


--
-- TOC entry 3335 (class 2606 OID 103686)
-- Name: ExtraUnits PK_ExtraUnits; Type: CONSTRAINT; Schema: hotel_management; Owner: postgres
--

ALTER TABLE ONLY hotel_management."ExtraUnits"
    ADD CONSTRAINT "PK_ExtraUnits" PRIMARY KEY ("Id");


--
-- TOC entry 3350 (class 2606 OID 103739)
-- Name: Extras PK_Extras; Type: CONSTRAINT; Schema: hotel_management; Owner: postgres
--

ALTER TABLE ONLY hotel_management."Extras"
    ADD CONSTRAINT "PK_Extras" PRIMARY KEY ("Id");


--
-- TOC entry 3337 (class 2606 OID 103694)
-- Name: Hotels PK_Hotels; Type: CONSTRAINT; Schema: hotel_management; Owner: postgres
--

ALTER TABLE ONLY hotel_management."Hotels"
    ADD CONSTRAINT "PK_Hotels" PRIMARY KEY ("Id");


--
-- TOC entry 3339 (class 2606 OID 103702)
-- Name: PaymentMethods PK_PaymentMethods; Type: CONSTRAINT; Schema: hotel_management; Owner: postgres
--

ALTER TABLE ONLY hotel_management."PaymentMethods"
    ADD CONSTRAINT "PK_PaymentMethods" PRIMARY KEY ("Id");


--
-- TOC entry 3367 (class 2606 OID 103817)
-- Name: PricePeriods PK_PricePeriods; Type: CONSTRAINT; Schema: hotel_management; Owner: postgres
--

ALTER TABLE ONLY hotel_management."PricePeriods"
    ADD CONSTRAINT "PK_PricePeriods" PRIMARY KEY ("Id");


--
-- TOC entry 3341 (class 2606 OID 103710)
-- Name: Roles PK_Roles; Type: CONSTRAINT; Schema: hotel_management; Owner: postgres
--

ALTER TABLE ONLY hotel_management."Roles"
    ADD CONSTRAINT "PK_Roles" PRIMARY KEY ("Id");


--
-- TOC entry 3353 (class 2606 OID 103757)
-- Name: RoomCategories PK_RoomCategories; Type: CONSTRAINT; Schema: hotel_management; Owner: postgres
--

ALTER TABLE ONLY hotel_management."RoomCategories"
    ADD CONSTRAINT "PK_RoomCategories" PRIMARY KEY ("Id");


--
-- TOC entry 3343 (class 2606 OID 103718)
-- Name: RoomStatuses PK_RoomStatuses; Type: CONSTRAINT; Schema: hotel_management; Owner: postgres
--

ALTER TABLE ONLY hotel_management."RoomStatuses"
    ADD CONSTRAINT "PK_RoomStatuses" PRIMARY KEY ("Id");


--
-- TOC entry 3372 (class 2606 OID 103835)
-- Name: Rooms PK_Rooms; Type: CONSTRAINT; Schema: hotel_management; Owner: postgres
--

ALTER TABLE ONLY hotel_management."Rooms"
    ADD CONSTRAINT "PK_Rooms" PRIMARY KEY ("Id");


--
-- TOC entry 3357 (class 2606 OID 103770)
-- Name: Users PK_Users; Type: CONSTRAINT; Schema: hotel_management; Owner: postgres
--

ALTER TABLE ONLY hotel_management."Users"
    ADD CONSTRAINT "PK_Users" PRIMARY KEY ("Id");


--
-- TOC entry 3377 (class 1259 OID 103887)
-- Name: IX_BookingDetails_BookingId; Type: INDEX; Schema: hotel_management; Owner: postgres
--

CREATE INDEX "IX_BookingDetails_BookingId" ON hotel_management."BookingDetails" USING btree ("BookingId");


--
-- TOC entry 3378 (class 1259 OID 103888)
-- Name: IX_BookingDetails_RoomId; Type: INDEX; Schema: hotel_management; Owner: postgres
--

CREATE INDEX "IX_BookingDetails_RoomId" ON hotel_management."BookingDetails" USING btree ("RoomId");


--
-- TOC entry 3373 (class 1259 OID 103889)
-- Name: IX_BookingExtras_BookingId; Type: INDEX; Schema: hotel_management; Owner: postgres
--

CREATE INDEX "IX_BookingExtras_BookingId" ON hotel_management."BookingExtras" USING btree ("BookingId");


--
-- TOC entry 3374 (class 1259 OID 103890)
-- Name: IX_BookingExtras_ExtraId; Type: INDEX; Schema: hotel_management; Owner: postgres
--

CREATE INDEX "IX_BookingExtras_ExtraId" ON hotel_management."BookingExtras" USING btree ("ExtraId");


--
-- TOC entry 3358 (class 1259 OID 103891)
-- Name: IX_Bookings_CustomerId; Type: INDEX; Schema: hotel_management; Owner: postgres
--

CREATE INDEX "IX_Bookings_CustomerId" ON hotel_management."Bookings" USING btree ("CustomerId");


--
-- TOC entry 3359 (class 1259 OID 103892)
-- Name: IX_Bookings_HotelId; Type: INDEX; Schema: hotel_management; Owner: postgres
--

CREATE INDEX "IX_Bookings_HotelId" ON hotel_management."Bookings" USING btree ("HotelId");


--
-- TOC entry 3360 (class 1259 OID 103893)
-- Name: IX_Bookings_PaymentMethodId; Type: INDEX; Schema: hotel_management; Owner: postgres
--

CREATE INDEX "IX_Bookings_PaymentMethodId" ON hotel_management."Bookings" USING btree ("PaymentMethodId");


--
-- TOC entry 3361 (class 1259 OID 103894)
-- Name: IX_Bookings_StatusId; Type: INDEX; Schema: hotel_management; Owner: postgres
--

CREATE INDEX "IX_Bookings_StatusId" ON hotel_management."Bookings" USING btree ("StatusId");


--
-- TOC entry 3344 (class 1259 OID 103895)
-- Name: IX_Customers_HotelId; Type: INDEX; Schema: hotel_management; Owner: postgres
--

CREATE INDEX "IX_Customers_HotelId" ON hotel_management."Customers" USING btree ("HotelId");


--
-- TOC entry 3347 (class 1259 OID 103896)
-- Name: IX_Extras_HotelId; Type: INDEX; Schema: hotel_management; Owner: postgres
--

CREATE INDEX "IX_Extras_HotelId" ON hotel_management."Extras" USING btree ("HotelId");


--
-- TOC entry 3348 (class 1259 OID 103897)
-- Name: IX_Extras_UnitId; Type: INDEX; Schema: hotel_management; Owner: postgres
--

CREATE INDEX "IX_Extras_UnitId" ON hotel_management."Extras" USING btree ("UnitId");


--
-- TOC entry 3364 (class 1259 OID 103898)
-- Name: IX_PricePeriods_CategoryId; Type: INDEX; Schema: hotel_management; Owner: postgres
--

CREATE INDEX "IX_PricePeriods_CategoryId" ON hotel_management."PricePeriods" USING btree ("CategoryId");


--
-- TOC entry 3365 (class 1259 OID 103899)
-- Name: IX_PricePeriods_HotelId; Type: INDEX; Schema: hotel_management; Owner: postgres
--

CREATE INDEX "IX_PricePeriods_HotelId" ON hotel_management."PricePeriods" USING btree ("HotelId");


--
-- TOC entry 3351 (class 1259 OID 103900)
-- Name: IX_RoomCategories_HotelId; Type: INDEX; Schema: hotel_management; Owner: postgres
--

CREATE INDEX "IX_RoomCategories_HotelId" ON hotel_management."RoomCategories" USING btree ("HotelId");


--
-- TOC entry 3368 (class 1259 OID 103901)
-- Name: IX_Rooms_CategoryId; Type: INDEX; Schema: hotel_management; Owner: postgres
--

CREATE INDEX "IX_Rooms_CategoryId" ON hotel_management."Rooms" USING btree ("CategoryId");


--
-- TOC entry 3369 (class 1259 OID 103902)
-- Name: IX_Rooms_HotelId_RoomNumber; Type: INDEX; Schema: hotel_management; Owner: postgres
--

CREATE UNIQUE INDEX "IX_Rooms_HotelId_RoomNumber" ON hotel_management."Rooms" USING btree ("HotelId", "RoomNumber");


--
-- TOC entry 3370 (class 1259 OID 103903)
-- Name: IX_Rooms_StatusId; Type: INDEX; Schema: hotel_management; Owner: postgres
--

CREATE INDEX "IX_Rooms_StatusId" ON hotel_management."Rooms" USING btree ("StatusId");


--
-- TOC entry 3354 (class 1259 OID 103904)
-- Name: IX_Users_HotelId; Type: INDEX; Schema: hotel_management; Owner: postgres
--

CREATE INDEX "IX_Users_HotelId" ON hotel_management."Users" USING btree ("HotelId");


--
-- TOC entry 3355 (class 1259 OID 103905)
-- Name: IX_Users_RoleId; Type: INDEX; Schema: hotel_management; Owner: postgres
--

CREATE INDEX "IX_Users_RoleId" ON hotel_management."Users" USING btree ("RoleId");


--
-- TOC entry 3398 (class 2606 OID 103877)
-- Name: BookingDetails FK_BookingDetails_Bookings_BookingId; Type: FK CONSTRAINT; Schema: hotel_management; Owner: postgres
--

ALTER TABLE ONLY hotel_management."BookingDetails"
    ADD CONSTRAINT "FK_BookingDetails_Bookings_BookingId" FOREIGN KEY ("BookingId") REFERENCES hotel_management."Bookings"("Id") ON DELETE CASCADE;


--
-- TOC entry 3399 (class 2606 OID 103882)
-- Name: BookingDetails FK_BookingDetails_Rooms_RoomId; Type: FK CONSTRAINT; Schema: hotel_management; Owner: postgres
--

ALTER TABLE ONLY hotel_management."BookingDetails"
    ADD CONSTRAINT "FK_BookingDetails_Rooms_RoomId" FOREIGN KEY ("RoomId") REFERENCES hotel_management."Rooms"("Id") ON DELETE CASCADE;


--
-- TOC entry 3396 (class 2606 OID 103859)
-- Name: BookingExtras FK_BookingExtras_Bookings_BookingId; Type: FK CONSTRAINT; Schema: hotel_management; Owner: postgres
--

ALTER TABLE ONLY hotel_management."BookingExtras"
    ADD CONSTRAINT "FK_BookingExtras_Bookings_BookingId" FOREIGN KEY ("BookingId") REFERENCES hotel_management."Bookings"("Id") ON DELETE CASCADE;


--
-- TOC entry 3397 (class 2606 OID 103864)
-- Name: BookingExtras FK_BookingExtras_Extras_ExtraId; Type: FK CONSTRAINT; Schema: hotel_management; Owner: postgres
--

ALTER TABLE ONLY hotel_management."BookingExtras"
    ADD CONSTRAINT "FK_BookingExtras_Extras_ExtraId" FOREIGN KEY ("ExtraId") REFERENCES hotel_management."Extras"("Id") ON DELETE CASCADE;


--
-- TOC entry 3387 (class 2606 OID 103790)
-- Name: Bookings FK_Bookings_BookingStatuses_StatusId; Type: FK CONSTRAINT; Schema: hotel_management; Owner: postgres
--

ALTER TABLE ONLY hotel_management."Bookings"
    ADD CONSTRAINT "FK_Bookings_BookingStatuses_StatusId" FOREIGN KEY ("StatusId") REFERENCES hotel_management."BookingStatuses"("Id") ON DELETE CASCADE;


--
-- TOC entry 3388 (class 2606 OID 103795)
-- Name: Bookings FK_Bookings_Customers_CustomerId; Type: FK CONSTRAINT; Schema: hotel_management; Owner: postgres
--

ALTER TABLE ONLY hotel_management."Bookings"
    ADD CONSTRAINT "FK_Bookings_Customers_CustomerId" FOREIGN KEY ("CustomerId") REFERENCES hotel_management."Customers"("Id") ON DELETE CASCADE;


--
-- TOC entry 3389 (class 2606 OID 103800)
-- Name: Bookings FK_Bookings_Hotels_HotelId; Type: FK CONSTRAINT; Schema: hotel_management; Owner: postgres
--

ALTER TABLE ONLY hotel_management."Bookings"
    ADD CONSTRAINT "FK_Bookings_Hotels_HotelId" FOREIGN KEY ("HotelId") REFERENCES hotel_management."Hotels"("Id") ON DELETE CASCADE;


--
-- TOC entry 3390 (class 2606 OID 103805)
-- Name: Bookings FK_Bookings_PaymentMethods_PaymentMethodId; Type: FK CONSTRAINT; Schema: hotel_management; Owner: postgres
--

ALTER TABLE ONLY hotel_management."Bookings"
    ADD CONSTRAINT "FK_Bookings_PaymentMethods_PaymentMethodId" FOREIGN KEY ("PaymentMethodId") REFERENCES hotel_management."PaymentMethods"("Id");


--
-- TOC entry 3381 (class 2606 OID 103727)
-- Name: Customers FK_Customers_Hotels_HotelId; Type: FK CONSTRAINT; Schema: hotel_management; Owner: postgres
--

ALTER TABLE ONLY hotel_management."Customers"
    ADD CONSTRAINT "FK_Customers_Hotels_HotelId" FOREIGN KEY ("HotelId") REFERENCES hotel_management."Hotels"("Id") ON DELETE CASCADE;


--
-- TOC entry 3382 (class 2606 OID 103740)
-- Name: Extras FK_Extras_ExtraUnits_UnitId; Type: FK CONSTRAINT; Schema: hotel_management; Owner: postgres
--

ALTER TABLE ONLY hotel_management."Extras"
    ADD CONSTRAINT "FK_Extras_ExtraUnits_UnitId" FOREIGN KEY ("UnitId") REFERENCES hotel_management."ExtraUnits"("Id") ON DELETE CASCADE;


--
-- TOC entry 3383 (class 2606 OID 103745)
-- Name: Extras FK_Extras_Hotels_HotelId; Type: FK CONSTRAINT; Schema: hotel_management; Owner: postgres
--

ALTER TABLE ONLY hotel_management."Extras"
    ADD CONSTRAINT "FK_Extras_Hotels_HotelId" FOREIGN KEY ("HotelId") REFERENCES hotel_management."Hotels"("Id") ON DELETE CASCADE;


--
-- TOC entry 3391 (class 2606 OID 103818)
-- Name: PricePeriods FK_PricePeriods_Hotels_HotelId; Type: FK CONSTRAINT; Schema: hotel_management; Owner: postgres
--

ALTER TABLE ONLY hotel_management."PricePeriods"
    ADD CONSTRAINT "FK_PricePeriods_Hotels_HotelId" FOREIGN KEY ("HotelId") REFERENCES hotel_management."Hotels"("Id") ON DELETE CASCADE;


--
-- TOC entry 3392 (class 2606 OID 103823)
-- Name: PricePeriods FK_PricePeriods_RoomCategories_CategoryId; Type: FK CONSTRAINT; Schema: hotel_management; Owner: postgres
--

ALTER TABLE ONLY hotel_management."PricePeriods"
    ADD CONSTRAINT "FK_PricePeriods_RoomCategories_CategoryId" FOREIGN KEY ("CategoryId") REFERENCES hotel_management."RoomCategories"("Id") ON DELETE CASCADE;


--
-- TOC entry 3384 (class 2606 OID 103758)
-- Name: RoomCategories FK_RoomCategories_Hotels_HotelId; Type: FK CONSTRAINT; Schema: hotel_management; Owner: postgres
--

ALTER TABLE ONLY hotel_management."RoomCategories"
    ADD CONSTRAINT "FK_RoomCategories_Hotels_HotelId" FOREIGN KEY ("HotelId") REFERENCES hotel_management."Hotels"("Id") ON DELETE CASCADE;


--
-- TOC entry 3393 (class 2606 OID 103836)
-- Name: Rooms FK_Rooms_Hotels_HotelId; Type: FK CONSTRAINT; Schema: hotel_management; Owner: postgres
--

ALTER TABLE ONLY hotel_management."Rooms"
    ADD CONSTRAINT "FK_Rooms_Hotels_HotelId" FOREIGN KEY ("HotelId") REFERENCES hotel_management."Hotels"("Id") ON DELETE CASCADE;


--
-- TOC entry 3394 (class 2606 OID 103841)
-- Name: Rooms FK_Rooms_RoomCategories_CategoryId; Type: FK CONSTRAINT; Schema: hotel_management; Owner: postgres
--

ALTER TABLE ONLY hotel_management."Rooms"
    ADD CONSTRAINT "FK_Rooms_RoomCategories_CategoryId" FOREIGN KEY ("CategoryId") REFERENCES hotel_management."RoomCategories"("Id") ON DELETE CASCADE;


--
-- TOC entry 3395 (class 2606 OID 103846)
-- Name: Rooms FK_Rooms_RoomStatuses_StatusId; Type: FK CONSTRAINT; Schema: hotel_management; Owner: postgres
--

ALTER TABLE ONLY hotel_management."Rooms"
    ADD CONSTRAINT "FK_Rooms_RoomStatuses_StatusId" FOREIGN KEY ("StatusId") REFERENCES hotel_management."RoomStatuses"("Id") ON DELETE CASCADE;


--
-- TOC entry 3385 (class 2606 OID 103771)
-- Name: Users FK_Users_Hotels_HotelId; Type: FK CONSTRAINT; Schema: hotel_management; Owner: postgres
--

ALTER TABLE ONLY hotel_management."Users"
    ADD CONSTRAINT "FK_Users_Hotels_HotelId" FOREIGN KEY ("HotelId") REFERENCES hotel_management."Hotels"("Id") ON DELETE CASCADE;


--
-- TOC entry 3386 (class 2606 OID 103776)
-- Name: Users FK_Users_Roles_RoleId; Type: FK CONSTRAINT; Schema: hotel_management; Owner: postgres
--

ALTER TABLE ONLY hotel_management."Users"
    ADD CONSTRAINT "FK_Users_Roles_RoleId" FOREIGN KEY ("RoleId") REFERENCES hotel_management."Roles"("Id") ON DELETE CASCADE;


-- Completed on 2025-11-14 17:18:14

--
-- PostgreSQL database dump complete
--

